run_index,seed,unique_study_items,study_presentations,evaluated_trials,linear_probe_accuracy,raw_grad_accuracy,ratio_grad_accuracy
1,13,12,24,12,0.9166666666666666,0.9166666666666666,0.5833333333333334
2,14,12,24,12,0.6666666666666666,0.9166666666666666,0.9166666666666666
3,15,12,24,12,0.9166666666666666,1.0,0.9166666666666666
4,16,12,24,12,0.75,0.9166666666666666,0.75
5,17,12,24,12,0.75,0.6666666666666666,0.75
6,18,12,24,12,0.9166666666666666,1.0,0.6666666666666666
7,19,12,24,12,0.8333333333333334,0.9166666666666666,0.75
8,20,12,24,12,0.5,0.4166666666666667,0.5
9,21,12,24,12,0.6666666666666666,0.6666666666666666,0.75
10,22,12,24,12,0.8333333333333334,0.9166666666666666,0.75
11,23,12,24,12,0.9166666666666666,0.9166666666666666,0.8333333333333334
12,24,12,24,12,0.75,1.0,1.0
13,25,12,24,12,0.75,0.75,0.8333333333333334
14,26,12,24,12,0.8333333333333334,0.8333333333333334,0.75
15,27,12,24,12,0.6666666666666666,1.0,0.9166666666666666
16,28,12,24,12,0.75,0.8333333333333334,0.6666666666666666
17,29,12,24,12,0.75,0.5833333333333334,0.9166666666666666
18,30,12,24,12,0.6666666666666666,0.75,0.75
19,31,12,24,12,0.75,0.75,0.75
20,32,12,24,12,0.5833333333333334,0.8333333333333334,0.8333333333333334
21,33,12,24,12,0.9166666666666666,0.9166666666666666,0.9166666666666666
22,34,12,24,12,0.75,0.6666666666666666,0.8333333333333334
23,35,12,24,12,0.75,1.0,0.8333333333333334
24,36,12,24,12,1.0,0.9166666666666666,0.75
25,37,12,24,12,0.8333333333333334,0.75,0.9166666666666666
26,38,12,24,12,0.75,0.8333333333333334,0.75
27,39,12,24,12,0.5833333333333334,0.5833333333333334,0.6666666666666666
28,40,12,24,12,0.8333333333333334,0.9166666666666666,0.8333333333333334
29,41,12,24,12,0.8333333333333334,0.9166666666666666,0.75
30,42,12,24,12,0.8333333333333334,0.8333333333333334,0.9166666666666666
31,43,12,24,12,0.75,0.9166666666666666,0.75
32,44,12,24,12,0.8333333333333334,0.75,0.5833333333333334
33,45,12,24,12,0.75,0.75,0.6666666666666666
34,46,12,24,12,0.9166666666666666,1.0,0.9166666666666666
35,47,12,24,12,0.5,0.75,0.5833333333333334
36,48,12,24,12,1.0,0.75,0.8333333333333334
37,49,12,24,12,0.8333333333333334,0.8333333333333334,0.8333333333333334
38,50,12,24,12,0.8333333333333334,0.9166666666666666,0.9166666666666666
39,51,12,24,12,0.8333333333333334,0.75,0.75
40,52,12,24,12,0.75,0.75,0.6666666666666666
41,53,12,24,12,0.75,0.5833333333333334,0.6666666666666666
42,54,12,24,12,0.75,0.75,0.9166666666666666
43,55,12,24,12,0.6666666666666666,0.8333333333333334,0.6666666666666666
44,56,12,24,12,0.9166666666666666,0.9166666666666666,0.9166666666666666
45,57,12,24,12,0.8333333333333334,0.75,0.8333333333333334
46,58,12,24,12,0.5833333333333334,0.75,0.75
47,59,12,24,12,1.0,0.75,0.8333333333333334
48,60,12,24,12,0.8333333333333334,0.9166666666666666,0.9166666666666666
49,61,12,24,12,0.9166666666666666,0.8333333333333334,0.6666666666666666
50,62,12,24,12,0.75,1.0,1.0
51,63,12,24,12,0.8333333333333334,0.8333333333333334,0.9166666666666666
52,64,12,24,12,0.8333333333333334,0.9166666666666666,0.9166666666666666
53,65,12,24,12,0.9166666666666666,0.9166666666666666,0.9166666666666666
54,66,12,24,12,0.9166666666666666,0.8333333333333334,0.75
55,67,12,24,12,0.75,0.6666666666666666,0.8333333333333334
56,68,12,24,12,0.9166666666666666,0.9166666666666666,0.9166666666666666
57,69,12,24,12,0.5833333333333334,0.75,0.5833333333333334
58,70,12,24,12,0.9166666666666666,0.8333333333333334,0.75
59,71,12,24,12,0.6666666666666666,0.75,0.9166666666666666
60,72,12,24,12,0.6666666666666666,0.75,0.8333333333333334
61,73,12,24,12,0.6666666666666666,0.8333333333333334,1.0
62,74,12,24,12,0.9166666666666666,0.8333333333333334,0.5833333333333334
63,75,12,24,12,0.8333333333333334,0.75,0.5833333333333334
64,76,12,24,12,0.5,0.9166666666666666,0.8333333333333334
65,77,12,24,12,0.75,0.8333333333333334,0.75
66,78,12,24,12,0.8333333333333334,0.6666666666666666,0.6666666666666666
67,79,12,24,12,0.8333333333333334,0.9166666666666666,0.6666666666666666
68,80,12,24,12,0.9166666666666666,0.8333333333333334,0.6666666666666666
69,81,12,24,12,0.8333333333333334,0.9166666666666666,0.9166666666666666
70,82,12,24,12,1.0,1.0,1.0
71,83,12,24,12,1.0,0.9166666666666666,0.9166666666666666
72,84,12,24,12,0.8333333333333334,0.8333333333333334,0.75
73,85,12,24,12,0.6666666666666666,0.8333333333333334,0.8333333333333334
74,86,12,24,12,0.75,0.75,0.75
75,87,12,24,12,0.75,0.9166666666666666,0.9166666666666666
76,88,12,24,12,0.8333333333333334,0.75,0.9166666666666666
77,89,12,24,12,0.6666666666666666,0.8333333333333334,1.0
78,90,12,24,12,0.6666666666666666,0.8333333333333334,0.75
79,91,12,24,12,0.6666666666666666,1.0,0.9166666666666666
80,92,12,24,12,0.75,0.8333333333333334,0.5833333333333334
81,93,12,24,12,0.75,0.75,0.75
82,94,12,24,12,0.8333333333333334,0.8333333333333334,0.75
83,95,12,24,12,0.9166666666666666,0.9166666666666666,0.8333333333333334
84,96,12,24,12,0.75,0.9166666666666666,0.75
85,97,12,24,12,0.8333333333333334,0.8333333333333334,0.75
86,98,12,24,12,0.9166666666666666,0.9166666666666666,0.75
87,99,12,24,12,0.75,0.4166666666666667,0.5833333333333334
88,100,12,24,12,0.75,1.0,0.8333333333333334
89,101,12,24,12,0.8333333333333334,1.0,0.8333333333333334
90,102,12,24,12,0.5833333333333334,0.75,0.8333333333333334
91,103,12,24,12,0.75,0.5833333333333334,0.75
92,104,12,24,12,0.6666666666666666,1.0,0.8333333333333334
93,105,12,24,12,0.8333333333333334,0.8333333333333334,0.9166666666666666
94,106,12,24,12,0.5833333333333334,0.9166666666666666,0.9166666666666666
95,107,12,24,12,0.8333333333333334,0.6666666666666666,0.5833333333333334
96,108,12,24,12,0.9166666666666666,0.8333333333333334,0.8333333333333334
97,109,12,24,12,0.8333333333333334,0.9166666666666666,0.8333333333333334
98,110,12,24,12,0.6666666666666666,0.9166666666666666,0.8333333333333334
99,111,12,24,12,0.6666666666666666,0.9166666666666666,0.8333333333333334
100,112,12,24,12,0.8333333333333334,0.8333333333333334,0.8333333333333334
