run_index,seed,trial_index,unique_study_items,study_presentations,target_name,foil_name,category,target_choice_index,foil_choice_index,old_beta_mean,foil_beta_mean,old_delta_s_norm,foil_delta_s_norm,old_mean_conf_self,foil_mean_conf_self,beta_accuracy,delta_s_accuracy,conf_self_accuracy
1,13,1,12,24,crystal_ball::exemplar_0,crystal_ball::exemplar_1,crystal_ball,1,0,-128.0,0.0,inf,0.0,4.157931327819824,3.871854305267334,0.0,0.0,1.0
1,13,2,12,24,barnacle::exemplar_0,barnacle::exemplar_1,barnacle,1,0,0.0,4.0,0.0,inf,3.6144683361053467,1.9275535345077515,0.0,1.0,1.0
1,13,3,12,24,crayfish::exemplar_0,crayfish::exemplar_1,crayfish,0,1,0.0,0.0,0.0,0.0,2.0017592906951904,2.9391191005706787,0.5,0.5,0.0
1,13,4,12,24,birthday_cake::exemplar_0,birthday_cake::exemplar_1,birthday_cake,0,1,4.0,0.0,inf,0.0,6.592658042907715,6.851783752441406,1.0,0.0,0.0
1,13,5,12,24,chip::exemplar_0,chip::exemplar_1,chip,0,1,0.0,0.0,0.0,0.0,18.54644012451172,6.8355207443237305,0.5,0.5,1.0
1,13,6,12,24,baton4::exemplar_0,baton4::exemplar_1,baton4,1,0,0.0,0.0,0.0,0.0,9.57937240600586,3.1642775535583496,0.5,0.5,1.0
1,13,7,12,24,corkboard::exemplar_0,corkboard::exemplar_1,corkboard,1,0,0.0,0.0,0.0,0.0,2.4371538162231445,5.187691688537598,0.5,0.5,0.0
1,13,8,12,24,blowtorch::exemplar_0,blowtorch::exemplar_1,blowtorch,1,0,4.0,0.0,inf,0.0,4.867406845092773,11.824949264526367,1.0,0.0,0.0
1,13,9,12,24,belt::exemplar_0,belt::exemplar_1,belt,1,0,112.0,0.0,inf,0.0,3.8171863555908203,7.510434627532959,1.0,0.0,0.0
1,13,10,12,24,clarinet::exemplar_0,clarinet::exemplar_1,clarinet,1,0,0.0,4.0,0.0,inf,4.235884189605713,6.933236122131348,0.0,1.0,0.0
1,13,11,12,24,christmas_tree::exemplar_0,christmas_tree::exemplar_1,christmas_tree,1,0,16.0,16.0,inf,inf,1.4947795867919922,1.1471872329711914,0.5,0.5,1.0
1,13,12,12,24,curtain::exemplar_0,curtain::exemplar_1,curtain,1,0,4.0,4.0,inf,inf,4.19803524017334,3.924546718597412,0.5,0.5,1.0
2,14,1,12,24,clock::exemplar_0,clock::exemplar_1,clock,1,0,4.0,4.0,inf,inf,3.1278910636901855,5.916553497314453,0.5,0.5,0.0
2,14,2,12,24,blender::exemplar_0,blender::exemplar_1,blender,0,1,4.0,0.0,inf,0.0,4.317683219909668,3.491720199584961,1.0,0.0,1.0
2,14,3,12,24,birdcage::exemplar_0,birdcage::exemplar_1,birdcage,1,0,0.0,0.0,0.0,0.0,1.5142863988876343,2.412325620651245,0.5,0.5,0.0
2,14,4,12,24,bag::exemplar_0,bag::exemplar_1,bag,0,1,4.0,0.0,inf,0.0,3.1616110801696777,2.848222255706787,1.0,0.0,1.0
2,14,5,12,24,dessert::exemplar_0,dessert::exemplar_1,dessert,1,0,4.0,80.0,inf,inf,4.190193176269531,7.440741539001465,0.0,0.5,0.0
2,14,6,12,24,coleslaw::exemplar_0,coleslaw::exemplar_1,coleslaw,1,0,80.0,4.0,inf,inf,6.163519859313965,3.6495752334594727,1.0,0.5,1.0
2,14,7,12,24,car_seat::exemplar_0,car_seat::exemplar_1,car_seat,0,1,0.0,0.0,0.0,0.0,3.2279052734375,3.837355375289917,0.5,0.5,0.0
2,14,8,12,24,cocoon::exemplar_0,cocoon::exemplar_1,cocoon,1,0,0.0,0.0,0.0,0.0,14.765124320983887,13.239866256713867,0.5,0.5,1.0
2,14,9,12,24,chip::exemplar_0,chip::exemplar_1,chip,0,1,-128.0,4.0,inf,inf,17.887420654296875,6.311856269836426,0.0,0.5,1.0
2,14,10,12,24,binder::exemplar_0,binder::exemplar_1,binder,0,1,-128.0,-128.0,inf,inf,4.887959957122803,2.1176505088806152,0.5,0.5,1.0
2,14,11,12,24,cheetah::exemplar_0,cheetah::exemplar_1,cheetah,0,1,-112.0,0.0,inf,0.0,1.7795264720916748,2.848151206970215,0.0,0.0,0.0
2,14,12,12,24,blueberry::exemplar_0,blueberry::exemplar_1,blueberry,1,0,4.0,4.0,inf,inf,3.5922935009002686,3.0049524307250977,0.5,0.5,1.0
3,15,1,12,24,diving_board::exemplar_0,diving_board::exemplar_1,diving_board,0,1,0.0,0.0,0.0,0.0,3.880047559738159,3.9598424434661865,0.5,0.5,0.0
3,15,2,12,24,airboat::exemplar_0,airboat::exemplar_1,airboat,1,0,0.0,0.0,0.0,0.0,5.509192943572998,5.7222700119018555,0.5,0.5,0.0
3,15,3,12,24,cutting_board::exemplar_0,cutting_board::exemplar_1,cutting_board,0,1,4.0,16.0,inf,inf,11.282012939453125,4.923639297485352,0.0,0.5,1.0
3,15,4,12,24,cocoon::exemplar_0,cocoon::exemplar_1,cocoon,0,1,0.0,0.0,0.0,0.0,14.765124320983887,13.214239120483398,0.5,0.5,1.0
3,15,5,12,24,baseball_glove::exemplar_0,baseball_glove::exemplar_1,baseball_glove,0,1,112.0,0.0,inf,0.0,3.8977198600769043,4.087120056152344,1.0,0.0,0.0
3,15,6,12,24,bib::exemplar_0,bib::exemplar_1,bib,0,1,4.0,0.0,inf,0.0,7.604999542236328,6.330159664154053,1.0,0.0,1.0
3,15,7,12,24,cruise_ship::exemplar_0,cruise_ship::exemplar_1,cruise_ship,1,0,4.0,4.0,inf,inf,2.662386894226074,8.96432876586914,0.5,0.5,0.0
3,15,8,12,24,beard::exemplar_0,beard::exemplar_1,beard,0,1,0.43539103865623474,0.0,inf,0.0,5.071178436279297,5.7815961837768555,1.0,0.0,0.0
3,15,9,12,24,cape::exemplar_0,cape::exemplar_1,cape,1,0,4.0,48.94281005859375,inf,inf,2.145500659942627,3.2432727813720703,0.0,0.5,0.0
3,15,10,12,24,amber::exemplar_0,amber::exemplar_1,amber,1,0,0.0,0.0,0.0,0.0,1.455187201499939,5.100858211517334,0.5,0.5,0.0
3,15,11,12,24,air_mattress::exemplar_0,air_mattress::exemplar_1,air_mattress,0,1,0.0,0.0,0.0,0.0,7.372099876403809,2.8888111114501953,0.5,0.5,1.0
3,15,12,12,24,anvil::exemplar_0,anvil::exemplar_1,anvil,0,1,0.0,0.0,0.0,0.0,2.532439708709717,3.786196708679199,0.5,0.5,0.0
4,16,1,12,24,accordion::exemplar_0,accordion::exemplar_1,accordion,1,0,-48.0,0.0,inf,0.0,1.8711955547332764,3.116025447845459,0.0,0.0,0.0
4,16,2,12,24,cream_cheese::exemplar_0,cream_cheese::exemplar_1,cream_cheese,0,1,0.0,-128.0,0.0,inf,4.736299514770508,3.573119878768921,1.0,1.0,1.0
4,16,3,12,24,bucket::exemplar_0,bucket::exemplar_1,bucket,1,0,0.0,0.0,0.0,0.0,11.469717025756836,4.689148902893066,0.5,0.5,1.0
4,16,4,12,24,bell::exemplar_0,bell::exemplar_1,bell,1,0,4.0,0.0,inf,0.0,5.595813751220703,1.7368682622909546,1.0,0.0,1.0
4,16,5,12,24,calculator::exemplar_0,calculator::exemplar_1,calculator,1,0,0.0,0.0,0.0,0.0,6.930010795593262,6.492911338806152,0.5,0.5,1.0
4,16,6,12,24,butter::exemplar_0,butter::exemplar_1,butter,0,1,4.0,0.0,inf,0.0,2.863030195236206,11.072000503540039,1.0,0.0,0.0
4,16,7,12,24,camera1::exemplar_0,camera1::exemplar_1,camera1,0,1,0.0,92.0,0.0,inf,2.946455955505371,7.650669097900391,0.0,1.0,0.0
4,16,8,12,24,cloud::exemplar_0,cloud::exemplar_1,cloud,1,0,-112.0,-128.0,inf,inf,1.7781691551208496,2.4196524620056152,1.0,0.5,0.0
4,16,9,12,24,bra::exemplar_0,bra::exemplar_1,bra,0,1,0.0,0.0,0.0,0.0,4.856681823730469,2.415715456008911,0.5,0.5,1.0
4,16,10,12,24,chisel::exemplar_0,chisel::exemplar_1,chisel,0,1,0.0,0.0,0.0,0.0,3.805629253387451,10.845366477966309,0.5,0.5,0.0
4,16,11,12,24,blower::exemplar_0,blower::exemplar_1,blower,0,1,0.0,0.0,0.0,0.0,10.446147918701172,6.525238037109375,0.5,0.5,1.0
4,16,12,12,24,buggy::exemplar_0,buggy::exemplar_1,buggy,0,1,4.0,0.0,inf,0.0,5.850060939788818,3.4841647148132324,1.0,0.0,1.0
5,17,1,12,24,compass::exemplar_0,compass::exemplar_1,compass,1,0,0.0,0.0,0.0,0.0,4.440441608428955,1.955469012260437,0.5,0.5,1.0
5,17,2,12,24,clothes::exemplar_0,clothes::exemplar_1,clothes,1,0,-128.0,0.0,inf,0.0,6.174677848815918,3.800100088119507,0.0,0.0,1.0
5,17,3,12,24,carriage::exemplar_0,carriage::exemplar_1,carriage,1,0,0.0,50.16851806640625,0.0,inf,6.626834392547607,5.268205642700195,0.0,1.0,1.0
5,17,4,12,24,cornbread::exemplar_0,cornbread::exemplar_1,cornbread,0,1,41.05558776855469,0.0,inf,0.0,5.0042524337768555,6.320452690124512,1.0,0.0,0.0
5,17,5,12,24,blowtorch::exemplar_0,blowtorch::exemplar_1,blowtorch,1,0,0.4451615810394287,0.0,inf,0.0,3.3604025840759277,9.02971076965332,1.0,0.0,0.0
5,17,6,12,24,bracelet1::exemplar_0,bracelet1::exemplar_1,bracelet1,0,1,0.0,0.0,0.0,0.0,3.300591230392456,4.002788543701172,0.5,0.5,0.0
5,17,7,12,24,bathmat::exemplar_0,bathmat::exemplar_1,bathmat,1,0,0.0,0.0,0.0,0.0,4.282897472381592,23.3260498046875,0.5,0.5,0.0
5,17,8,12,24,bobsled::exemplar_0,bobsled::exemplar_1,bobsled,0,1,4.0,4.0,inf,inf,8.699725151062012,8.707061767578125,0.5,0.5,0.0
5,17,9,12,24,car::exemplar_0,car::exemplar_1,car,1,0,0.0,4.0,0.0,inf,5.049298286437988,7.515355587005615,0.0,1.0,0.0
5,17,10,12,24,bug::exemplar_0,bug::exemplar_1,bug,1,0,-112.0,0.0,inf,0.0,3.1572253704071045,9.966325759887695,0.0,0.0,0.0
5,17,11,12,24,dishwasher::exemplar_0,dishwasher::exemplar_1,dishwasher,1,0,0.0,4.0,0.0,inf,3.906238079071045,4.879908084869385,0.0,1.0,0.0
5,17,12,12,24,closet::exemplar_0,closet::exemplar_1,closet,1,0,1.0,80.0,inf,inf,2.632321834564209,2.4743785858154297,0.0,0.5,1.0
6,18,1,12,24,bamboo::exemplar_0,bamboo::exemplar_1,bamboo,1,0,4.0,0.0,inf,0.0,4.420989990234375,2.5210466384887695,1.0,0.0,1.0
6,18,2,12,24,can::exemplar_0,can::exemplar_1,can,1,0,0.0,4.0,0.0,inf,2.8168115615844727,2.8217902183532715,0.0,1.0,0.0
6,18,3,12,24,chick::exemplar_0,chick::exemplar_1,chick,0,1,0.0,-128.0,0.0,inf,3.267965793609619,14.346049308776855,1.0,1.0,0.0
6,18,4,12,24,beaker::exemplar_0,beaker::exemplar_1,beaker,0,1,0.44359081983566284,4.0,inf,inf,4.019482612609863,3.637417793273926,0.0,0.5,1.0
6,18,5,12,24,baton1::exemplar_0,baton1::exemplar_1,baton1,1,0,4.0,-112.0,inf,inf,5.241131782531738,3.7825686931610107,1.0,0.5,1.0
6,18,6,12,24,bib::exemplar_0,bib::exemplar_1,bib,1,0,0.0,0.0,0.0,0.0,6.858630180358887,4.846089839935303,0.5,0.5,1.0
6,18,7,12,24,chocolate::exemplar_0,chocolate::exemplar_1,chocolate,0,1,0.0,0.0,0.0,0.0,4.580425262451172,4.206538200378418,0.5,0.5,1.0
6,18,8,12,24,butterfly::exemplar_0,butterfly::exemplar_1,butterfly,1,0,0.0,-128.0,0.0,inf,11.295120239257812,8.860054016113281,1.0,1.0,1.0
6,18,9,12,24,candelabra::exemplar_0,candelabra::exemplar_1,candelabra,1,0,-32.0,0.0,inf,0.0,1.4442033767700195,1.9644813537597656,0.0,0.0,0.0
6,18,10,12,24,baton2::exemplar_0,baton2::exemplar_1,baton2,1,0,0.0,0.0,0.0,0.0,5.802504539489746,5.940446376800537,0.5,0.5,0.0
6,18,11,12,24,bottle_opener::exemplar_0,bottle_opener::exemplar_1,bottle_opener,0,1,16.0,0.0,inf,0.0,9.847061157226562,7.244468688964844,1.0,0.0,1.0
6,18,12,12,24,dip::exemplar_0,dip::exemplar_1,dip,0,1,0.0,112.0,0.0,inf,2.5046803951263428,5.813799858093262,0.0,1.0,0.0
7,19,1,12,24,ballot_box::exemplar_0,ballot_box::exemplar_1,ballot_box,1,0,4.0,4.0,15759605497856.0,15759605497856.0,14.18079948425293,2.6452550888061523,0.5,0.5,1.0
7,19,2,12,24,bean::exemplar_0,bean::exemplar_1,bean,0,1,0.0,0.0,0.0,0.0,4.624933242797852,3.109037399291992,0.5,0.5,1.0
7,19,3,12,24,cigarette_holder::exemplar_0,cigarette_holder::exemplar_1,cigarette_holder,1,0,0.0,0.0,0.0,0.0,11.436437606811523,17.841922760009766,0.5,0.5,0.0
7,19,4,12,24,broccoli::exemplar_0,broccoli::exemplar_1,broccoli,1,0,0.0,4.0,0.0,15759605497856.0,6.51784086227417,4.548871994018555,0.0,1.0,1.0
7,19,5,12,24,cannonball::exemplar_0,cannonball::exemplar_1,cannonball,1,0,0.0,4.0,0.0,15759605497856.0,3.704820394515991,2.967890501022339,0.0,1.0,1.0
7,19,6,12,24,cufflink::exemplar_0,cufflink::exemplar_1,cufflink,0,1,80.0,0.0,315192114151424.0,0.0,7.932697296142578,20.442317962646484,1.0,0.0,0.0
7,19,7,12,24,caramel::exemplar_0,caramel::exemplar_1,caramel,0,1,-128.0,0.0,504307375931392.0,0.0,4.989917278289795,4.474627494812012,0.0,0.0,1.0
7,19,8,12,24,ankle::exemplar_0,ankle::exemplar_1,ankle,1,0,0.0,0.0,0.0,0.0,11.64831829071045,9.654187202453613,0.5,0.5,1.0
7,19,9,12,24,cape::exemplar_0,cape::exemplar_1,cape,0,1,0.0,0.0,0.0,0.0,1.5662131309509277,1.8259347677230835,0.5,0.5,0.0
7,19,10,12,24,blowtorch::exemplar_0,blowtorch::exemplar_1,blowtorch,0,1,0.0,4.0,0.0,15759605497856.0,6.024330139160156,14.525614738464355,0.0,1.0,0.0
7,19,11,12,24,cookie_cutter::exemplar_0,cookie_cutter::exemplar_1,cookie_cutter,0,1,0.0,0.0,0.0,0.0,6.857363700866699,14.071109771728516,0.5,0.5,0.0
7,19,12,12,24,bowl::exemplar_0,bowl::exemplar_1,bowl,1,0,0.0,0.0,0.0,0.0,5.871143341064453,3.2421252727508545,0.5,0.5,1.0
8,20,1,12,24,compass::exemplar_0,compass::exemplar_1,compass,1,0,0.0,4.0,0.0,inf,4.374874114990234,1.955469012260437,0.0,1.0,1.0
8,20,2,12,24,crayfish::exemplar_0,crayfish::exemplar_1,crayfish,0,1,0.0,0.0,0.0,0.0,1.789514422416687,2.7478690147399902,0.5,0.5,0.0
8,20,3,12,24,biscuit::exemplar_0,biscuit::exemplar_1,biscuit,0,1,0.0,0.0,0.0,0.0,4.307019233703613,6.53476095199585,0.5,0.5,0.0
8,20,4,12,24,coat_rack::exemplar_0,coat_rack::exemplar_1,coat_rack,0,1,0.0,0.0,0.0,0.0,2.215291738510132,2.0836715698242188,0.5,0.5,1.0
8,20,5,12,24,bacon::exemplar_0,bacon::exemplar_1,bacon,1,0,0.0,4.0,0.0,inf,2.243771553039551,4.704985618591309,0.0,1.0,0.0
8,20,6,12,24,cigarette_butt::exemplar_0,cigarette_butt::exemplar_1,cigarette_butt,0,1,0.0,80.0,0.0,inf,3.1665115356445312,10.795808792114258,0.0,1.0,0.0
8,20,7,12,24,cookie_sheet::exemplar_0,cookie_sheet::exemplar_1,cookie_sheet,0,1,0.0,0.0,0.0,0.0,4.083930969238281,5.363226890563965,0.5,0.5,0.0
8,20,8,12,24,barrette::exemplar_0,barrette::exemplar_1,barrette,1,0,0.0,0.0,0.0,0.0,1.125234842300415,1.9264307022094727,0.5,0.5,0.0
8,20,9,12,24,curling_iron::exemplar_0,curling_iron::exemplar_1,curling_iron,1,0,0.0,0.0,0.0,0.0,12.673431396484375,8.127099990844727,0.5,0.5,1.0
8,20,10,12,24,clasp::exemplar_0,clasp::exemplar_1,clasp,0,1,0.86375892162323,0.0,inf,0.0,2.9697329998016357,7.348442077636719,1.0,0.0,0.0
8,20,11,12,24,chickpea::exemplar_0,chickpea::exemplar_1,chickpea,0,1,-128.0,0.0,inf,0.0,5.826655864715576,11.867441177368164,0.0,0.0,0.0
8,20,12,12,24,cruise_ship::exemplar_0,cruise_ship::exemplar_1,cruise_ship,1,0,0.44981738924980164,0.0,inf,0.0,2.2606894969940186,6.945899963378906,1.0,0.0,0.0
9,21,1,12,24,blouse::exemplar_0,blouse::exemplar_1,blouse,0,1,0.0,0.0,0.0,0.0,2.473262071609497,4.095294952392578,0.5,0.5,0.0
9,21,2,12,24,bull::exemplar_0,bull::exemplar_1,bull,1,0,0.0,0.0,0.0,0.0,2.30401349067688,3.061737537384033,0.5,0.5,0.0
9,21,3,12,24,bedpost::exemplar_0,bedpost::exemplar_1,bedpost,0,1,0.0,0.0,0.0,0.0,10.209485054016113,2.475306510925293,0.5,0.5,1.0
9,21,4,12,24,cornbread::exemplar_0,cornbread::exemplar_1,cornbread,0,1,4.0,0.0,inf,0.0,5.173806190490723,7.219904899597168,1.0,0.0,0.0
9,21,5,12,24,camel::exemplar_0,camel::exemplar_1,camel,0,1,-128.0,4.0,inf,inf,1.8082034587860107,1.8544995784759521,0.0,0.5,0.0
9,21,6,12,24,basketball_hoop::exemplar_0,basketball_hoop::exemplar_1,basketball_hoop,1,0,0.0,-128.0,0.0,inf,1.5154047012329102,4.170176982879639,1.0,1.0,0.0
9,21,7,12,24,crane::exemplar_0,crane::exemplar_1,crane,1,0,0.0,4.0,0.0,inf,1.066897988319397,1.4104255437850952,0.0,1.0,0.0
9,21,8,12,24,chickpea::exemplar_0,chickpea::exemplar_1,chickpea,1,0,0.0,0.0,0.0,0.0,5.986476421356201,12.615324020385742,0.5,0.5,0.0
9,21,9,12,24,calzone::exemplar_0,calzone::exemplar_1,calzone,1,0,4.0,0.0,inf,0.0,8.1848726272583,5.068031311035156,1.0,0.0,1.0
9,21,10,12,24,diskette::exemplar_0,diskette::exemplar_1,diskette,0,1,64.0,0.0,inf,0.0,3.2052628993988037,3.0289745330810547,1.0,0.0,1.0
9,21,11,12,24,cleat::exemplar_0,cleat::exemplar_1,cleat,0,1,0.0,4.0,0.0,inf,6.536360740661621,4.649639129638672,0.0,1.0,1.0
9,21,12,12,24,copier::exemplar_0,copier::exemplar_1,copier,0,1,0.0,0.0,0.0,0.0,5.243341445922852,6.434177398681641,0.5,0.5,0.0
10,22,1,12,24,chip::exemplar_0,chip::exemplar_1,chip,1,0,4.0,0.0,inf,0.0,17.887420654296875,5.88287353515625,1.0,0.0,1.0
10,22,2,12,24,baton3::exemplar_0,baton3::exemplar_1,baton3,0,1,0.0,0.0,0.0,0.0,2.548856735229492,10.865966796875,0.5,0.5,0.0
10,22,3,12,24,butter::exemplar_0,butter::exemplar_1,butter,0,1,0.0,0.0,0.0,0.0,2.91007137298584,12.35032844543457,0.5,0.5,0.0
10,22,4,12,24,ballot_box::exemplar_0,ballot_box::exemplar_1,ballot_box,0,1,nan,0.0,nan,0.0,2.1540307998657227,3.5018515586853027,0.5,0.5,0.0
10,22,5,12,24,coffee_bean::exemplar_0,coffee_bean::exemplar_1,coffee_bean,0,1,0.0,0.0,0.0,0.0,5.487796783447266,5.307776927947998,0.5,0.5,1.0
10,22,6,12,24,clock::exemplar_0,clock::exemplar_1,clock,0,1,64.0,0.0,inf,0.0,3.1278910636901855,5.028581619262695,1.0,0.0,0.0
10,22,7,12,24,barbed_wire::exemplar_0,barbed_wire::exemplar_1,barbed_wire,1,0,112.0,0.0,inf,0.0,1.5922244787216187,1.7053754329681396,1.0,0.0,0.0
10,22,8,12,24,dishrag::exemplar_0,dishrag::exemplar_1,dishrag,1,0,0.0,0.0,0.0,0.0,4.5304999351501465,14.989498138427734,0.5,0.5,0.0
10,22,9,12,24,alligator::exemplar_0,alligator::exemplar_1,alligator,1,0,0.0,0.0,0.0,0.0,1.8862583637237549,5.527647972106934,0.5,0.5,0.0
10,22,10,12,24,bikini::exemplar_0,bikini::exemplar_1,bikini,1,0,4.0,0.0,inf,0.0,2.62908935546875,8.398284912109375,1.0,0.0,0.0
10,22,11,12,24,curry::exemplar_0,curry::exemplar_1,curry,0,1,0.0,0.0,0.0,0.0,6.975608825683594,4.128406524658203,0.5,0.5,1.0
10,22,12,12,24,cheeseburger::exemplar_0,cheeseburger::exemplar_1,cheeseburger,0,1,0.0,0.0,0.0,0.0,4.142546653747559,10.549637794494629,0.5,0.5,0.0
