image_name,concept,human_cr,num_probes,mean_memory_score,sem_memory_score
brake/brake_01b.jpg,brake,0.463414634,100,-0.33686125360429287,0.003837709559688235
defibrillator/defibrillator_01b.jpg,defibrillator,0.55,100,-0.5714793406426907,0.0053569721961197695
binoculars/binoculars_01s.jpg,binoculars,0.595238095,100,-0.4234379791468382,0.006547054251844616
cabinet/cabinet_01s.jpg,cabinet,0.6,100,-0.34928288638591765,0.0029526960577672436
bulldozer/bulldozer_01b.jpg,bulldozer,0.619047619,100,-0.5630245062708855,0.006029355290140477
compass/compass_01b.jpg,compass,0.625,100,-0.9705563804507256,0.020233565556907446
antenna/antenna_01b.jpg,antenna,0.641025641,100,-0.3442471743375063,0.0029857798404938625
abacus/abacus_01b.jpg,abacus,0.648648649,100,-0.8044205588102341,0.03650690134345528
deer/deer_01b.jpg,deer,0.65,100,-0.5173549445718527,0.004317754032365254
artichoke/artichoke_01b.jpg,artichoke,0.658536585,100,-0.8242892479896545,0.026061627999900923
cord/cord_01b.jpg,cord,0.674418605,100,-0.4813006890565157,0.004267302474830895
curry/curry_01b.jpg,curry,0.675,100,-0.48034655369818213,0.009622831280121449
cabbage/cabbage_01b.jpg,cabbage,0.682926829,100,-1.07257623963058,0.0735568481584507
clover/clover_01b.jpg,clover,0.69047619,100,-0.44914523847401144,0.0035102736777135692
dishrag/dishrag_01b.jpg,dishrag,0.697674419,100,-0.3391418655961752,0.0028594094256447163
brussels_sprouts/brussels_sprouts_01b.jpg,brussels_sprouts,0.7,100,-0.8988881070911884,0.021349289517769914
baklava/baklava_01s.jpg,baklava,0.702702703,100,-0.523794138878584,0.015035796129963386
clasp/clasp_01b.jpg,clasp,0.707317073,100,-0.9815660990774632,0.013029416709537464
bamboo/bamboo_01b.jpg,bamboo,0.714285714,100,-0.46259688459336756,0.0032676179582270073
bottle/bottle_01b.jpg,bottle,0.717948718,100,-0.4224267878383398,0.0031923638972319313
airplane/airplane_01b.jpg,airplane,0.720930233,100,-0.3389391954615712,0.004311151710770229
basketball_hoop/basketball_hoop_01b.jpg,basketball_hoop,0.725,100,-0.5678790228068828,0.00609887836336306
cannonball/cannonball_01b.jpg,cannonball,0.725,100,-0.5289313149452209,0.005072305912276269
barrel/barrel_01b.jpg,barrel,0.72972973,100,-0.6983004289865494,0.0069737935005824755
blazer/blazer_01b.jpg,blazer,0.731707317,100,-0.3264903311431408,0.002591386745178406
celery/celery_01b.jpg,celery,0.731707317,100,-0.568993614912033,0.013492062375651644
dishwashing_liquid/dishwashing_liquid_01b.jpg,dishwashing_liquid,0.731707317,100,-0.43252075284719466,0.004059306468064224
confetti/confetti_01b.jpg,confetti,0.738095238,100,-0.5455863192677498,0.00616062253182135
casserole/casserole_01b.jpg,casserole,0.743589744,100,-0.6497212570905685,0.009368902399265817
cream_cheese/cream_cheese_01b.jpg,cream_cheese,0.744186047,100,-0.39841192826628685,0.0039281912607970326
barnacle/barnacle_01s.jpg,barnacle,0.75,100,-0.5306015945971012,0.005198950132444051
breadbox/breadbox_01b.jpg,breadbox,0.75,100,-0.38495005048811437,0.002850755382765344
coffee_table/coffee_table_01b.jpg,coffee_table,0.75,100,-0.28806958347558975,0.001917494157909232
dalmatian/dalmatian_01b.jpg,dalmatian,0.750609756,100,-0.755849107131362,0.023611599517853753
buckle/buckle_01b.jpg,buckle,0.756097561,100,-0.5851129315793514,0.007785620218786374
closet/closet_01b.jpg,closet,0.756097561,100,-0.3025895567238331,0.00185239033315545
crutch/crutch_01b.jpg,crutch,0.756097561,100,-0.5918866714090109,0.00990043313940787
boat/boat_01b.jpg,boat,0.761904762,100,-0.6629240182042122,0.004392265425726804
clipboard/clipboard_01b.jpg,clipboard,0.763157895,100,-0.4369731163978577,0.011190716758854427
candy_cane/candy_cane_01b.jpg,candy_cane,0.76744186,100,-0.5486670371890068,0.006010028477085172
cream/cream_01b.jpg,cream,0.769230769,100,-0.36930765353143213,0.0036573524872368425
barcode/barcode_01b.jpg,barcode,0.775,100,-0.5436501224339009,0.004936346928199916
cardinal/cardinal_01b.jpg,cardinal,0.775,100,-0.6413401921838522,0.016162665258610827
crumb/crumb_01b.jpg,crumb,0.775,100,-0.3147039521113038,0.008374883878321634
cactus/cactus_01b.jpg,cactus,0.780487805,100,-0.6606400214135647,0.022673369743498838
christmas_tree/christmas_tree_01b.jpg,christmas_tree,0.780487805,100,-0.39248721197247505,0.002733120413190748
alligator/alligator_01b.jpg,alligator,0.785714286,100,-0.6603809040039778,0.04687071302154284
caviar/caviar_01b.jpg,caviar,0.785714286,100,-0.593111162185669,0.005175971370944292
banner/banner_01b.jpg,banner,0.789473684,100,-0.47637743189930915,0.002731709033635202
cufflink/cufflink_01b.jpg,cufflink,0.789473684,100,-0.4047157323360443,0.0022545920675696293
appetizer/appetizer_01b.jpg,appetizer,0.794871795,100,-0.7465573327243328,0.011930306006419186
bow1/bow1_01b.jpg,bow1,0.794871795,100,-0.521114796847105,0.006182357752558546
dandelion/dandelion_01s.jpg,dandelion,0.794871795,100,-0.6197188699245453,0.006511538465478556
blowtorch/blowtorch_01b.jpg,blowtorch,0.8,100,-0.3927319172024727,0.004455483662780775
breathalyzer/breathalyzer_01b.jpg,breathalyzer,0.8,100,-0.3421072822064161,0.0039338376418206495
chicken1/chicken1_01b.jpg,chicken1,0.8,100,-0.37906366646289824,0.004932326689375918
curtain/curtain_01b.jpg,curtain,0.8,100,-0.47113463215529916,0.006259660264916529
armor/armor_01b.jpg,armor,0.804878049,100,-0.49198223412036896,0.008237560006295292
bassinet/bassinet_01b.jpg,bassinet,0.804878049,100,-0.8725185016542674,0.024622156791626104
brace/brace_01b.jpg,brace,0.804878049,100,-0.39015022702515123,0.0036791234105307815
christmas_card/christmas_card_01b.jpg,christmas_card,0.804878049,100,-0.3138807207345963,0.0019253544120170188
cellphone/cellphone_01b.jpg,cellphone,0.80952381,100,-0.45769069872796536,0.006317332971323961
apron/apron_01b.jpg,apron,0.811522048,100,-0.3322692635655403,0.0030233472867968476
cashew/cashew_01b.jpg,cashew,0.818181818,100,-0.5051657615602017,0.006681175742189428
coffee/coffee_01b.jpg,coffee,0.820512821,100,-0.9230407944321632,0.023645740081393064
badger/badger_01b.jpg,badger,0.825,100,-0.6759906232357025,0.02508652932543442
blinder/blinder_01b.jpg,blinder,0.825,100,-0.373564665466547,0.002504939962727862
cello/cello_01s.jpg,cello,0.825,100,-0.6320078353583812,0.02404327705466216
cookie/cookie_01b.jpg,cookie,0.825,100,-0.4814574272185564,0.004383593632207566
almond/almond_01b.jpg,almond,0.829268293,100,-0.4638537085056305,0.00380948395333683
carousel/carousel_01b.jpg,carousel,0.829268293,100,-0.44391955524682997,0.0034507265242315678
cockatoo/cockatoo_01b.jpg,cockatoo,0.829268293,100,-0.7261834954097867,0.0206489330247158
bolo_tie/bolo_tie_01b.jpg,bolo_tie,0.833333333,100,-0.46765358835458753,0.011819810828571304
coconut/coconut_01b.jpg,coconut,0.833333333,100,-0.4021383875608444,0.0026706099706371523
clothespin/clothespin_01b.jpg,clothespin,0.840909091,100,-0.4669219522178173,0.0066232182166589635
beaker/beaker_01b.jpg,beaker,0.846153846,100,-0.5199018476903439,0.01630945460467862
cornmeal/cornmeal_01b.jpg,cornmeal,0.846153846,100,-0.6951195152103901,0.014099689139640704
banana/banana_01b.jpg,banana,0.85,100,-0.45939047649502757,0.009100905345844866
camel/camel_01b.jpg,camel,0.85,100,-0.4881725530326366,0.005459028673620034
ankle/ankle_01b.jpg,ankle,0.850609756,100,-0.29159222487360237,0.002225689427818728
cobra/cobra_01b.jpg,cobra,0.853658537,100,-1.1380161225795746,0.030745104195510287
battery/battery_01b.jpg,battery,0.860465116,100,-0.3246795204281807,0.0022166258621583224
bison/bison_01b.jpg,bison,0.868421053,100,-0.48896828174591067,0.01101817367509664
bonnet/bonnet_01s.jpg,bonnet,0.871794872,100,-0.3246884312480688,0.0018969167197545778
contact_lens/contact_lens_01s.jpg,contact_lens,0.872435897,100,-0.308468616604805,0.002253372334253321
beard/beard_01b.jpg,beard,0.875,100,-0.427593410089612,0.0020112882460378264
chocolate/chocolate_01b.jpg,chocolate,0.875,100,-0.31362027421593663,0.0023455868190747735
amber/amber_01b.jpg,amber,0.87804878,100,-0.34772274307906625,0.0027069570877763455
cape/cape_01b.jpg,cape,0.87804878,100,-0.35256471641361714,0.0033392769042104612
calf2/calf2_01b.jpg,calf2,0.880952381,100,-0.28416657239198684,0.0016882768443597762
chalk/chalk_01b.jpg,chalk,0.88372093,100,-0.41981697544455526,0.0022752247444086924
board/board_01b.jpg,board,0.894736842,100,-0.504062084555626,0.0040055318226743086
beetle/beetle_01b.jpg,beetle,0.897435897,100,-0.5478336818516254,0.017739805148436597
bazooka/bazooka_01b.jpg,bazooka,0.9,100,-0.3543165447562933,0.003076467622789149
bagel/bagel_01s.jpg,bagel,0.902439024,100,-0.6248414495587349,0.01052654562179314
costume/costume_01b.jpg,costume,0.902439024,100,-0.39969443187117576,0.0020613028583613075
chihuahua/chihuahua_01b.jpg,chihuahua,0.923076923,100,-1.4365365234017373,0.02192721093436837
bib/bib_01n.jpg,bib,0.925,100,-0.4957887764275074,0.0031246776704443053
blower/blower_01b.jpg,blower,0.928571429,100,-0.42669708356261254,0.0033965180512746255
anklet/anklet_01b.jpg,anklet,0.95,100,-0.3200818129628897,0.0028015991777876467
